[{"model": "contenttypes.contenttype", "pk": 1, "fields": {"app_label": "admin", "model": "logentry"}}, {"model": "contenttypes.contenttype", "pk": 2, "fields": {"app_label": "auth", "model": "permission"}}, {"model": "contenttypes.contenttype", "pk": 3, "fields": {"app_label": "auth", "model": "group"}}, {"model": "contenttypes.contenttype", "pk": 4, "fields": {"app_label": "contenttypes", "model": "contenttype"}}, {"model": "contenttypes.contenttype", "pk": 5, "fields": {"app_label": "sessions", "model": "session"}}, {"model": "contenttypes.contenttype", "pk": 6, "fields": {"app_label": "shop", "model": "user"}}, {"model": "contenttypes.contenttype", "pk": 7, "fields": {"app_label": "shop", "model": "category"}}, {"model": "contenttypes.contenttype", "pk": 8, "fields": {"app_label": "shop", "model": "contact"}}, {"model": "contenttypes.contenttype", "pk": 9, "fields": {"app_label": "shop", "model": "order"}}, {"model": "contenttypes.contenttype", "pk": 10, "fields": {"app_label": "shop", "model": "parameter"}}, {"model": "contenttypes.contenttype", "pk": 11, "fields": {"app_label": "shop", "model": "product"}}, {"model": "contenttypes.contenttype", "pk": 12, "fields": {"app_label": "shop", "model": "productinfo"}}, {"model": "contenttypes.contenttype", "pk": 13, "fields": {"app_label": "shop", "model": "shop"}}, {"model": "contenttypes.contenttype", "pk": 14, "fields": {"app_label": "shop", "model": "productparameter"}}, {"model": "contenttypes.contenttype", "pk": 15, "fields": {"app_label": "shop", "model": "orderitem"}}, {"model": "contenttypes.contenttype", "pk": 16, "fields": {"app_label": "shop", "model": "confirmemailtoken"}}, {"model": "contenttypes.contenttype", "pk": 17, "fields": {"app_label": "authtoken", "model": "token"}}, {"model": "shop.category", "pk": 1, "fields": {"name": "Flash-\u043d\u0430\u043a\u043e\u043f\u0438\u0442\u0435\u043b\u0438", "shops": [5]}}, {"model": "shop.category", "pk": 15, "fields": {"name": "\u0410\u043a\u0441\u0435\u0441\u0441\u0443\u0430\u0440\u044b", "shops": [5]}}, {"model": "shop.category", "pk": 224, "fields": {"name": "\u0421\u043c\u0430\u0440\u0442\u0444\u043e\u043d\u044b", "shops": [5]}}, {"model": "shop.product", "pk": 5, "fields": {"name": "\u0421\u043c\u0430\u0440\u0442\u0444\u043e\u043d Apple iPhone XS Max 512GB (\u0437\u043e\u043b\u043e\u0442\u0438\u0441\u0442\u044b\u0439)", "category": 224}}, {"model": "shop.product", "pk": 6, "fields": {"name": "\u0421\u043c\u0430\u0440\u0442\u0444\u043e\u043d Apple iPhone XR 256GB (\u043a\u0440\u0430\u0441\u043d\u044b\u0439)", "category": 224}}, {"model": "shop.product", "pk": 7, "fields": {"name": "\u0421\u043c\u0430\u0440\u0442\u0444\u043e\u043d Apple iPhone XR 256GB (\u0447\u0435\u0440\u043d\u044b\u0439)", "category": 224}}, {"model": "shop.product", "pk": 8, "fields": {"name": "\u0421\u043c\u0430\u0440\u0442\u0444\u043e\u043d Apple iPhone XR 128GB (\u0441\u0438\u043d\u0438\u0439)", "category": 224}}, {"model": "shop.productinfo", "pk": 5, "fields": {"model": "apple/iphone/xs-max", "external_id": 4216292, "product": 5, "shop": 5, "quantity": 14, "price": 110000, "price_rrc": 116990}}, {"model": "shop.productinfo", "pk": 6, "fields": {"model": "apple/iphone/xr", "external_id": 4216313, "product": 6, "shop": 5, "quantity": 9, "price": 65000, "price_rrc": 69990}}, {"model": "shop.productinfo", "pk": 7, "fields": {"model": "apple/iphone/xr", "external_id": 4216226, "product": 7, "shop": 5, "quantity": 5, "price": 65000, "price_rrc": 69990}}, {"model": "shop.productinfo", "pk": 8, "fields": {"model": "apple/iphone/xr", "external_id": 4672670, "product": 8, "shop": 5, "quantity": 7, "price": 60000, "price_rrc": 64990}}, {"model": "shop.parameter", "pk": 5, "fields": {"name": "\u0414\u0438\u0430\u0433\u043e\u043d\u0430\u043b\u044c (\u0434\u044e\u0439\u043c)"}}, {"model": "shop.parameter", "pk": 6, "fields": {"name": "\u0420\u0430\u0437\u0440\u0435\u0448\u0435\u043d\u0438\u0435 (\u043f\u0438\u043a\u0441)"}}, {"model": "shop.parameter", "pk": 7, "fields": {"name": "\u0412\u0441\u0442\u0440\u043e\u0435\u043d\u043d\u0430\u044f \u043f\u0430\u043c\u044f\u0442\u044c (\u0413\u0431)"}}, {"model": "shop.parameter", "pk": 8, "fields": {"name": "\u0426\u0432\u0435\u0442"}}, {"model": "shop.productparameter", "pk": 17, "fields": {"product_info": 5, "parameter": 5, "value": "6.5"}}, {"model": "shop.productparameter", "pk": 18, "fields": {"product_info": 5, "parameter": 6, "value": "2688x1242"}}, {"model": "shop.productparameter", "pk": 19, "fields": {"product_info": 5, "parameter": 7, "value": "512"}}, {"model": "shop.productparameter", "pk": 20, "fields": {"product_info": 5, "parameter": 8, "value": "\u0437\u043e\u043b\u043e\u0442\u0438\u0441\u0442\u044b\u0439"}}, {"model": "shop.productparameter", "pk": 21, "fields": {"product_info": 6, "parameter": 5, "value": "6.1"}}, {"model": "shop.productparameter", "pk": 22, "fields": {"product_info": 6, "parameter": 6, "value": "1792x828"}}, {"model": "shop.productparameter", "pk": 23, "fields": {"product_info": 6, "parameter": 7, "value": "256"}}, {"model": "shop.productparameter", "pk": 24, "fields": {"product_info": 6, "parameter": 8, "value": "\u043a\u0440\u0430\u0441\u043d\u044b\u0439"}}, {"model": "shop.productparameter", "pk": 25, "fields": {"product_info": 7, "parameter": 5, "value": "6.1"}}, {"model": "shop.productparameter", "pk": 26, "fields": {"product_info": 7, "parameter": 6, "value": "1792x828"}}, {"model": "shop.productparameter", "pk": 27, "fields": {"product_info": 7, "parameter": 7, "value": "256"}}, {"model": "shop.productparameter", "pk": 28, "fields": {"product_info": 7, "parameter": 8, "value": "\u0447\u0435\u0440\u043d\u044b\u0439"}}, {"model": "shop.productparameter", "pk": 29, "fields": {"product_info": 8, "parameter": 5, "value": "6.1"}}, {"model": "shop.productparameter", "pk": 30, "fields": {"product_info": 8, "parameter": 6, "value": "1792x828"}}, {"model": "shop.productparameter", "pk": 31, "fields": {"product_info": 8, "parameter": 7, "value": "256"}}, {"model": "shop.productparameter", "pk": 32, "fields": {"product_info": 8, "parameter": 8, "value": "\u0441\u0438\u043d\u0438\u0439"}}, {"model": "shop.orderitem", "pk": 7, "fields": {"order": 1, "product_info": 5, "quantity": 55}}, {"model": "shop.orderitem", "pk": 8, "fields": {"order": 1, "product_info": 6, "quantity": 2}}, {"model": "auth.permission", "pk": 1, "fields": {"name": "Can add log entry", "content_type": 1, "codename": "add_logentry"}}, {"model": "auth.permission", "pk": 2, "fields": {"name": "Can change log entry", "content_type": 1, "codename": "change_logentry"}}, {"model": "auth.permission", "pk": 3, "fields": {"name": "Can delete log entry", "content_type": 1, "codename": "delete_logentry"}}, {"model": "auth.permission", "pk": 4, "fields": {"name": "Can view log entry", "content_type": 1, "codename": "view_logentry"}}, {"model": "auth.permission", "pk": 5, "fields": {"name": "Can add permission", "content_type": 2, "codename": "add_permission"}}, {"model": "auth.permission", "pk": 6, "fields": {"name": "Can change permission", "content_type": 2, "codename": "change_permission"}}, {"model": "auth.permission", "pk": 7, "fields": {"name": "Can delete permission", "content_type": 2, "codename": "delete_permission"}}, {"model": "auth.permission", "pk": 8, "fields": {"name": "Can view permission", "content_type": 2, "codename": "view_permission"}}, {"model": "auth.permission", "pk": 9, "fields": {"name": "Can add group", "content_type": 3, "codename": "add_group"}}, {"model": "auth.permission", "pk": 10, "fields": {"name": "Can change group", "content_type": 3, "codename": "change_group"}}, {"model": "auth.permission", "pk": 11, "fields": {"name": "Can delete group", "content_type": 3, "codename": "delete_group"}}, {"model": "auth.permission", "pk": 12, "fields": {"name": "Can view group", "content_type": 3, "codename": "view_group"}}, {"model": "auth.permission", "pk": 13, "fields": {"name": "Can add content type", "content_type": 4, "codename": "add_contenttype"}}, {"model": "auth.permission", "pk": 14, "fields": {"name": "Can change content type", "content_type": 4, "codename": "change_contenttype"}}, {"model": "auth.permission", "pk": 15, "fields": {"name": "Can delete content type", "content_type": 4, "codename": "delete_contenttype"}}, {"model": "auth.permission", "pk": 16, "fields": {"name": "Can view content type", "content_type": 4, "codename": "view_contenttype"}}, {"model": "auth.permission", "pk": 17, "fields": {"name": "Can add session", "content_type": 5, "codename": "add_session"}}, {"model": "auth.permission", "pk": 18, "fields": {"name": "Can change session", "content_type": 5, "codename": "change_session"}}, {"model": "auth.permission", "pk": 19, "fields": {"name": "Can delete session", "content_type": 5, "codename": "delete_session"}}, {"model": "auth.permission", "pk": 20, "fields": {"name": "Can view session", "content_type": 5, "codename": "view_session"}}, {"model": "auth.permission", "pk": 21, "fields": {"name": "Can add \u041f\u043e\u043b\u044c\u0437\u043e\u0432\u0430\u0442\u0435\u043b\u044c", "content_type": 6, "codename": "add_user"}}, {"model": "auth.permission", "pk": 22, "fields": {"name": "Can change \u041f\u043e\u043b\u044c\u0437\u043e\u0432\u0430\u0442\u0435\u043b\u044c", "content_type": 6, "codename": "change_user"}}, {"model": "auth.permission", "pk": 23, "fields": {"name": "Can delete \u041f\u043e\u043b\u044c\u0437\u043e\u0432\u0430\u0442\u0435\u043b\u044c", "content_type": 6, "codename": "delete_user"}}, {"model": "auth.permission", "pk": 24, "fields": {"name": "Can view \u041f\u043e\u043b\u044c\u0437\u043e\u0432\u0430\u0442\u0435\u043b\u044c", "content_type": 6, "codename": "view_user"}}, {"model": "auth.permission", "pk": 25, "fields": {"name": "Can add \u041a\u0430\u0442\u0435\u0433\u043e\u0440\u0438\u044f", "content_type": 7, "codename": "add_category"}}, {"model": "auth.permission", "pk": 26, "fields": {"name": "Can change \u041a\u0430\u0442\u0435\u0433\u043e\u0440\u0438\u044f", "content_type": 7, "codename": "change_category"}}, {"model": "auth.permission", "pk": 27, "fields": {"name": "Can delete \u041a\u0430\u0442\u0435\u0433\u043e\u0440\u0438\u044f", "content_type": 7, "codename": "delete_category"}}, {"model": "auth.permission", "pk": 28, "fields": {"name": "Can view \u041a\u0430\u0442\u0435\u0433\u043e\u0440\u0438\u044f", "content_type": 7, "codename": "view_category"}}, {"model": "auth.permission", "pk": 29, "fields": {"name": "Can add \u041a\u043e\u043d\u0442\u0430\u043a\u0442\u044b \u043f\u043e\u043b\u044c\u0437\u043e\u0432\u0430\u0442\u0435\u043b\u044f", "content_type": 8, "codename": "add_contact"}}, {"model": "auth.permission", "pk": 30, "fields": {"name": "Can change \u041a\u043e\u043d\u0442\u0430\u043a\u0442\u044b \u043f\u043e\u043b\u044c\u0437\u043e\u0432\u0430\u0442\u0435\u043b\u044f", "content_type": 8, "codename": "change_contact"}}, {"model": "auth.permission", "pk": 31, "fields": {"name": "Can delete \u041a\u043e\u043d\u0442\u0430\u043a\u0442\u044b \u043f\u043e\u043b\u044c\u0437\u043e\u0432\u0430\u0442\u0435\u043b\u044f", "content_type": 8, "codename": "delete_contact"}}, {"model": "auth.permission", "pk": 32, "fields": {"name": "Can view \u041a\u043e\u043d\u0442\u0430\u043a\u0442\u044b \u043f\u043e\u043b\u044c\u0437\u043e\u0432\u0430\u0442\u0435\u043b\u044f", "content_type": 8, "codename": "view_contact"}}, {"model": "auth.permission", "pk": 33, "fields": {"name": "Can add \u0417\u0430\u043a\u0430\u0437", "content_type": 9, "codename": "add_order"}}, {"model": "auth.permission", "pk": 34, "fields": {"name": "Can change \u0417\u0430\u043a\u0430\u0437", "content_type": 9, "codename": "change_order"}}, {"model": "auth.permission", "pk": 35, "fields": {"name": "Can delete \u0417\u0430\u043a\u0430\u0437", "content_type": 9, "codename": "delete_order"}}, {"model": "auth.permission", "pk": 36, "fields": {"name": "Can view \u0417\u0430\u043a\u0430\u0437", "content_type": 9, "codename": "view_order"}}, {"model": "auth.permission", "pk": 37, "fields": {"name": "Can add \u0418\u043c\u044f \u043f\u0430\u0440\u0430\u043c\u0435\u0442\u0440\u0430", "content_type": 10, "codename": "add_parameter"}}, {"model": "auth.permission", "pk": 38, "fields": {"name": "Can change \u0418\u043c\u044f \u043f\u0430\u0440\u0430\u043c\u0435\u0442\u0440\u0430", "content_type": 10, "codename": "change_parameter"}}, {"model": "auth.permission", "pk": 39, "fields": {"name": "Can delete \u0418\u043c\u044f \u043f\u0430\u0440\u0430\u043c\u0435\u0442\u0440\u0430", "content_type": 10, "codename": "delete_parameter"}}, {"model": "auth.permission", "pk": 40, "fields": {"name": "Can view \u0418\u043c\u044f \u043f\u0430\u0440\u0430\u043c\u0435\u0442\u0440\u0430", "content_type": 10, "codename": "view_parameter"}}, {"model": "auth.permission", "pk": 41, "fields": {"name": "Can add \u041f\u0440\u043e\u0434\u0443\u043a\u0442", "content_type": 11, "codename": "add_product"}}, {"model": "auth.permission", "pk": 42, "fields": {"name": "Can change \u041f\u0440\u043e\u0434\u0443\u043a\u0442", "content_type": 11, "codename": "change_product"}}, {"model": "auth.permission", "pk": 43, "fields": {"name": "Can delete \u041f\u0440\u043e\u0434\u0443\u043a\u0442", "content_type": 11, "codename": "delete_product"}}, {"model": "auth.permission", "pk": 44, "fields": {"name": "Can view \u041f\u0440\u043e\u0434\u0443\u043a\u0442", "content_type": 11, "codename": "view_product"}}, {"model": "auth.permission", "pk": 45, "fields": {"name": "Can add \u0418\u043d\u0444\u043e\u0440\u043c\u0430\u0446\u0438\u044f \u043e \u043f\u0440\u043e\u0434\u0443\u043a\u0442\u0435", "content_type": 12, "codename": "add_productinfo"}}, {"model": "auth.permission", "pk": 46, "fields": {"name": "Can change \u0418\u043d\u0444\u043e\u0440\u043c\u0430\u0446\u0438\u044f \u043e \u043f\u0440\u043e\u0434\u0443\u043a\u0442\u0435", "content_type": 12, "codename": "change_productinfo"}}, {"model": "auth.permission", "pk": 47, "fields": {"name": "Can delete \u0418\u043d\u0444\u043e\u0440\u043c\u0430\u0446\u0438\u044f \u043e \u043f\u0440\u043e\u0434\u0443\u043a\u0442\u0435", "content_type": 12, "codename": "delete_productinfo"}}, {"model": "auth.permission", "pk": 48, "fields": {"name": "Can view \u0418\u043d\u0444\u043e\u0440\u043c\u0430\u0446\u0438\u044f \u043e \u043f\u0440\u043e\u0434\u0443\u043a\u0442\u0435", "content_type": 12, "codename": "view_productinfo"}}, {"model": "auth.permission", "pk": 49, "fields": {"name": "Can add \u041c\u0430\u0433\u0430\u0437\u0438\u043d", "content_type": 13, "codename": "add_shop"}}, {"model": "auth.permission", "pk": 50, "fields": {"name": "Can change \u041c\u0430\u0433\u0430\u0437\u0438\u043d", "content_type": 13, "codename": "change_shop"}}, {"model": "auth.permission", "pk": 51, "fields": {"name": "Can delete \u041c\u0430\u0433\u0430\u0437\u0438\u043d", "content_type": 13, "codename": "delete_shop"}}, {"model": "auth.permission", "pk": 52, "fields": {"name": "Can view \u041c\u0430\u0433\u0430\u0437\u0438\u043d", "content_type": 13, "codename": "view_shop"}}, {"model": "auth.permission", "pk": 53, "fields": {"name": "Can add \u041f\u0430\u0440\u0430\u043c\u0435\u0442\u0440", "content_type": 14, "codename": "add_productparameter"}}, {"model": "auth.permission", "pk": 54, "fields": {"name": "Can change \u041f\u0430\u0440\u0430\u043c\u0435\u0442\u0440", "content_type": 14, "codename": "change_productparameter"}}, {"model": "auth.permission", "pk": 55, "fields": {"name": "Can delete \u041f\u0430\u0440\u0430\u043c\u0435\u0442\u0440", "content_type": 14, "codename": "delete_productparameter"}}, {"model": "auth.permission", "pk": 56, "fields": {"name": "Can view \u041f\u0430\u0440\u0430\u043c\u0435\u0442\u0440", "content_type": 14, "codename": "view_productparameter"}}, {"model": "auth.permission", "pk": 57, "fields": {"name": "Can add \u0417\u0430\u043a\u0430\u0437\u0430\u043d\u043d\u0430\u044f \u043f\u043e\u0437\u0438\u0446\u0438\u044f", "content_type": 15, "codename": "add_orderitem"}}, {"model": "auth.permission", "pk": 58, "fields": {"name": "Can change \u0417\u0430\u043a\u0430\u0437\u0430\u043d\u043d\u0430\u044f \u043f\u043e\u0437\u0438\u0446\u0438\u044f", "content_type": 15, "codename": "change_orderitem"}}, {"model": "auth.permission", "pk": 59, "fields": {"name": "Can delete \u0417\u0430\u043a\u0430\u0437\u0430\u043d\u043d\u0430\u044f \u043f\u043e\u0437\u0438\u0446\u0438\u044f", "content_type": 15, "codename": "delete_orderitem"}}, {"model": "auth.permission", "pk": 60, "fields": {"name": "Can view \u0417\u0430\u043a\u0430\u0437\u0430\u043d\u043d\u0430\u044f \u043f\u043e\u0437\u0438\u0446\u0438\u044f", "content_type": 15, "codename": "view_orderitem"}}, {"model": "auth.permission", "pk": 61, "fields": {"name": "Can add \u0422\u043e\u043a\u0435\u043d \u043f\u043e\u0434\u0442\u0432\u0435\u0440\u0436\u0434\u0435\u043d\u0438\u044f Email", "content_type": 16, "codename": "add_confirmemailtoken"}}, {"model": "auth.permission", "pk": 62, "fields": {"name": "Can change \u0422\u043e\u043a\u0435\u043d \u043f\u043e\u0434\u0442\u0432\u0435\u0440\u0436\u0434\u0435\u043d\u0438\u044f Email", "content_type": 16, "codename": "change_confirmemailtoken"}}, {"model": "auth.permission", "pk": 63, "fields": {"name": "Can delete \u0422\u043e\u043a\u0435\u043d \u043f\u043e\u0434\u0442\u0432\u0435\u0440\u0436\u0434\u0435\u043d\u0438\u044f Email", "content_type": 16, "codename": "delete_confirmemailtoken"}}, {"model": "auth.permission", "pk": 64, "fields": {"name": "Can view \u0422\u043e\u043a\u0435\u043d \u043f\u043e\u0434\u0442\u0432\u0435\u0440\u0436\u0434\u0435\u043d\u0438\u044f Email", "content_type": 16, "codename": "view_confirmemailtoken"}}, {"model": "auth.permission", "pk": 65, "fields": {"name": "Can add Token", "content_type": 17, "codename": "add_token"}}, {"model": "auth.permission", "pk": 66, "fields": {"name": "Can change Token", "content_type": 17, "codename": "change_token"}}, {"model": "auth.permission", "pk": 67, "fields": {"name": "Can delete Token", "content_type": 17, "codename": "delete_token"}}, {"model": "auth.permission", "pk": 68, "fields": {"name": "Can view Token", "content_type": 17, "codename": "view_token"}}, {"model": "shop.user", "pk": 6, "fields": {"password": "pbkdf2_sha256$150000$HwdbnFwOd6cU$9PbDDomQAR4xPprNKhu5lYLCASP9MgCeBKTr9AXDwA4=", "last_login": null, "is_superuser": false, "first_name": "Dima", "last_name": "Petrov", "is_staff": false, "date_joined": "2020-09-24T06:26:45.617Z", "email": "Dima@mail.com", "company": "Sberbank", "position": "head1", "username": "", "is_active": true, "type": "buyer", "groups": [], "user_permissions": []}}, {"model": "shop.user", "pk": 7, "fields": {"password": "pbkdf2_sha256$150000$LwK8ebv79M6M$tsZnnZFC+gjA/kJDLUrFESKUUAYgx+Wv6ALJo+HiJFU=", "last_login": null, "is_superuser": false, "first_name": "Petr", "last_name": "Petrov", "is_staff": false, "date_joined": "2020-09-24T06:31:52.757Z", "email": "DNS@mail.com", "company": "DNS-Shop", "position": "head", "username": "", "is_active": true, "type": "shop", "groups": [], "user_permissions": []}}, {"model": "shop.shop", "pk": 1, "fields": {"name": "DNS-shop", "url": "dns.ru", "user": null, "state": true}}, {"model": "shop.shop", "pk": 2, "fields": {"name": "Citilink", "url": "cililink.ru", "user": null, "state": true}}, {"model": "shop.shop", "pk": 5, "fields": {"name": "\u0421\u0432\u044f\u0437\u043d\u043e\u0439", "url": null, "user": 7, "state": true}}, {"model": "shop.contact", "pk": 1, "fields": {"user": 6, "city": "Moscow", "street": "Pokrovka", "house": "15", "structure": "", "building": "", "apartment": "10", "phone": "+7777111222333"}}, {"model": "shop.contact", "pk": 2, "fields": {"user": 7, "city": "Moscow", "street": "Red Square", "house": "3", "structure": "", "building": "", "apartment": "1", "phone": "+7777111111111"}}, {"model": "shop.order", "pk": 1, "fields": {"user": 7, "dt": "2020-10-14T06:02:56.935Z", "state": "new", "contact": 2}}, {"model": "authtoken.token", "pk": "413ba6fd067cde811057c222aedfb29a69de3637", "fields": {"user": 7, "created": "2020-09-24T10:21:48.904Z"}}]