[
  {
    "model": "auth.permission",
    "pk": 1,
    "fields": {
      "name": "Can add log entry",
      "content_type": 1,
      "codename": "add_logentry"
    }
  },
  {
    "model": "auth.permission",
    "pk": 2,
    "fields": {
      "name": "Can change log entry",
      "content_type": 1,
      "codename": "change_logentry"
    }
  },
  {
    "model": "auth.permission",
    "pk": 3,
    "fields": {
      "name": "Can delete log entry",
      "content_type": 1,
      "codename": "delete_logentry"
    }
  },
  {
    "model": "auth.permission",
    "pk": 4,
    "fields": {
      "name": "Can view log entry",
      "content_type": 1,
      "codename": "view_logentry"
    }
  },
  {
    "model": "auth.permission",
    "pk": 5,
    "fields": {
      "name": "Can add permission",
      "content_type": 2,
      "codename": "add_permission"
    }
  },
  {
    "model": "auth.permission",
    "pk": 6,
    "fields": {
      "name": "Can change permission",
      "content_type": 2,
      "codename": "change_permission"
    }
  },
  {
    "model": "auth.permission",
    "pk": 7,
    "fields": {
      "name": "Can delete permission",
      "content_type": 2,
      "codename": "delete_permission"
    }
  },
  {
    "model": "auth.permission",
    "pk": 8,
    "fields": {
      "name": "Can view permission",
      "content_type": 2,
      "codename": "view_permission"
    }
  },
  {
    "model": "auth.permission",
    "pk": 9,
    "fields": {
      "name": "Can add group",
      "content_type": 3,
      "codename": "add_group"
    }
  },
  {
    "model": "auth.permission",
    "pk": 10,
    "fields": {
      "name": "Can change group",
      "content_type": 3,
      "codename": "change_group"
    }
  },
  {
    "model": "auth.permission",
    "pk": 11,
    "fields": {
      "name": "Can delete group",
      "content_type": 3,
      "codename": "delete_group"
    }
  },
  {
    "model": "auth.permission",
    "pk": 12,
    "fields": {
      "name": "Can view group",
      "content_type": 3,
      "codename": "view_group"
    }
  },
  {
    "model": "auth.permission",
    "pk": 13,
    "fields": {
      "name": "Can add content type",
      "content_type": 4,
      "codename": "add_contenttype"
    }
  },
  {
    "model": "auth.permission",
    "pk": 14,
    "fields": {
      "name": "Can change content type",
      "content_type": 4,
      "codename": "change_contenttype"
    }
  },
  {
    "model": "auth.permission",
    "pk": 15,
    "fields": {
      "name": "Can delete content type",
      "content_type": 4,
      "codename": "delete_contenttype"
    }
  },
  {
    "model": "auth.permission",
    "pk": 16,
    "fields": {
      "name": "Can view content type",
      "content_type": 4,
      "codename": "view_contenttype"
    }
  },
  {
    "model": "auth.permission",
    "pk": 17,
    "fields": {
      "name": "Can add session",
      "content_type": 5,
      "codename": "add_session"
    }
  },
  {
    "model": "auth.permission",
    "pk": 18,
    "fields": {
      "name": "Can change session",
      "content_type": 5,
      "codename": "change_session"
    }
  },
  {
    "model": "auth.permission",
    "pk": 19,
    "fields": {
      "name": "Can delete session",
      "content_type": 5,
      "codename": "delete_session"
    }
  },
  {
    "model": "auth.permission",
    "pk": 20,
    "fields": {
      "name": "Can view session",
      "content_type": 5,
      "codename": "view_session"
    }
  },
  {
    "model": "auth.permission",
    "pk": 21,
    "fields": {
      "name": "Can add Token",
      "content_type": 6,
      "codename": "add_token"
    }
  },
  {
    "model": "auth.permission",
    "pk": 22,
    "fields": {
      "name": "Can change Token",
      "content_type": 6,
      "codename": "change_token"
    }
  },
  {
    "model": "auth.permission",
    "pk": 23,
    "fields": {
      "name": "Can delete Token",
      "content_type": 6,
      "codename": "delete_token"
    }
  },
  {
    "model": "auth.permission",
    "pk": 24,
    "fields": {
      "name": "Can view Token",
      "content_type": 6,
      "codename": "view_token"
    }
  },
  {
    "model": "auth.permission",
    "pk": 25,
    "fields": {
      "name": "Can add token",
      "content_type": 7,
      "codename": "add_tokenproxy"
    }
  },
  {
    "model": "auth.permission",
    "pk": 26,
    "fields": {
      "name": "Can change token",
      "content_type": 7,
      "codename": "change_tokenproxy"
    }
  },
  {
    "model": "auth.permission",
    "pk": 27,
    "fields": {
      "name": "Can delete token",
      "content_type": 7,
      "codename": "delete_tokenproxy"
    }
  },
  {
    "model": "auth.permission",
    "pk": 28,
    "fields": {
      "name": "Can view token",
      "content_type": 7,
      "codename": "view_tokenproxy"
    }
  },
  {
    "model": "auth.permission",
    "pk": 29,
    "fields": {
      "name": "Can add Категория",
      "content_type": 8,
      "codename": "add_category"
    }
  },
  {
    "model": "auth.permission",
    "pk": 30,
    "fields": {
      "name": "Can change Категория",
      "content_type": 8,
      "codename": "change_category"
    }
  },
  {
    "model": "auth.permission",
    "pk": 31,
    "fields": {
      "name": "Can delete Категория",
      "content_type": 8,
      "codename": "delete_category"
    }
  },
  {
    "model": "auth.permission",
    "pk": 32,
    "fields": {
      "name": "Can view Категория",
      "content_type": 8,
      "codename": "view_category"
    }
  },
  {
    "model": "auth.permission",
    "pk": 33,
    "fields": {
      "name": "Can add Заказ",
      "content_type": 9,
      "codename": "add_order"
    }
  },
  {
    "model": "auth.permission",
    "pk": 34,
    "fields": {
      "name": "Can change Заказ",
      "content_type": 9,
      "codename": "change_order"
    }
  },
  {
    "model": "auth.permission",
    "pk": 35,
    "fields": {
      "name": "Can delete Заказ",
      "content_type": 9,
      "codename": "delete_order"
    }
  },
  {
    "model": "auth.permission",
    "pk": 36,
    "fields": {
      "name": "Can view Заказ",
      "content_type": 9,
      "codename": "view_order"
    }
  },
  {
    "model": "auth.permission",
    "pk": 37,
    "fields": {
      "name": "Can add Имя параметра",
      "content_type": 10,
      "codename": "add_parameter"
    }
  },
  {
    "model": "auth.permission",
    "pk": 38,
    "fields": {
      "name": "Can change Имя параметра",
      "content_type": 10,
      "codename": "change_parameter"
    }
  },
  {
    "model": "auth.permission",
    "pk": 39,
    "fields": {
      "name": "Can delete Имя параметра",
      "content_type": 10,
      "codename": "delete_parameter"
    }
  },
  {
    "model": "auth.permission",
    "pk": 40,
    "fields": {
      "name": "Can view Имя параметра",
      "content_type": 10,
      "codename": "view_parameter"
    }
  },
  {
    "model": "auth.permission",
    "pk": 41,
    "fields": {
      "name": "Can add Продукт",
      "content_type": 11,
      "codename": "add_product"
    }
  },
  {
    "model": "auth.permission",
    "pk": 42,
    "fields": {
      "name": "Can change Продукт",
      "content_type": 11,
      "codename": "change_product"
    }
  },
  {
    "model": "auth.permission",
    "pk": 43,
    "fields": {
      "name": "Can delete Продукт",
      "content_type": 11,
      "codename": "delete_product"
    }
  },
  {
    "model": "auth.permission",
    "pk": 44,
    "fields": {
      "name": "Can view Продукт",
      "content_type": 11,
      "codename": "view_product"
    }
  },
  {
    "model": "auth.permission",
    "pk": 45,
    "fields": {
      "name": "Can add Информация о продукте",
      "content_type": 12,
      "codename": "add_productinfo"
    }
  },
  {
    "model": "auth.permission",
    "pk": 46,
    "fields": {
      "name": "Can change Информация о продукте",
      "content_type": 12,
      "codename": "change_productinfo"
    }
  },
  {
    "model": "auth.permission",
    "pk": 47,
    "fields": {
      "name": "Can delete Информация о продукте",
      "content_type": 12,
      "codename": "delete_productinfo"
    }
  },
  {
    "model": "auth.permission",
    "pk": 48,
    "fields": {
      "name": "Can view Информация о продукте",
      "content_type": 12,
      "codename": "view_productinfo"
    }
  },
  {
    "model": "auth.permission",
    "pk": 49,
    "fields": {
      "name": "Can add Магазин",
      "content_type": 13,
      "codename": "add_shop"
    }
  },
  {
    "model": "auth.permission",
    "pk": 50,
    "fields": {
      "name": "Can change Магазин",
      "content_type": 13,
      "codename": "change_shop"
    }
  },
  {
    "model": "auth.permission",
    "pk": 51,
    "fields": {
      "name": "Can delete Магазин",
      "content_type": 13,
      "codename": "delete_shop"
    }
  },
  {
    "model": "auth.permission",
    "pk": 52,
    "fields": {
      "name": "Can view Магазин",
      "content_type": 13,
      "codename": "view_shop"
    }
  },
  {
    "model": "auth.permission",
    "pk": 53,
    "fields": {
      "name": "Can add Параметр",
      "content_type": 14,
      "codename": "add_productparameter"
    }
  },
  {
    "model": "auth.permission",
    "pk": 54,
    "fields": {
      "name": "Can change Параметр",
      "content_type": 14,
      "codename": "change_productparameter"
    }
  },
  {
    "model": "auth.permission",
    "pk": 55,
    "fields": {
      "name": "Can delete Параметр",
      "content_type": 14,
      "codename": "delete_productparameter"
    }
  },
  {
    "model": "auth.permission",
    "pk": 56,
    "fields": {
      "name": "Can view Параметр",
      "content_type": 14,
      "codename": "view_productparameter"
    }
  },
  {
    "model": "auth.permission",
    "pk": 57,
    "fields": {
      "name": "Can add Заказанная позиция",
      "content_type": 15,
      "codename": "add_orderitem"
    }
  },
  {
    "model": "auth.permission",
    "pk": 58,
    "fields": {
      "name": "Can change Заказанная позиция",
      "content_type": 15,
      "codename": "change_orderitem"
    }
  },
  {
    "model": "auth.permission",
    "pk": 59,
    "fields": {
      "name": "Can delete Заказанная позиция",
      "content_type": 15,
      "codename": "delete_orderitem"
    }
  },
  {
    "model": "auth.permission",
    "pk": 60,
    "fields": {
      "name": "Can view Заказанная позиция",
      "content_type": 15,
      "codename": "view_orderitem"
    }
  },
  {
    "model": "auth.permission",
    "pk": 61,
    "fields": {
      "name": "Can add Пользователь",
      "content_type": 16,
      "codename": "add_user"
    }
  },
  {
    "model": "auth.permission",
    "pk": 62,
    "fields": {
      "name": "Can change Пользователь",
      "content_type": 16,
      "codename": "change_user"
    }
  },
  {
    "model": "auth.permission",
    "pk": 63,
    "fields": {
      "name": "Can delete Пользователь",
      "content_type": 16,
      "codename": "delete_user"
    }
  },
  {
    "model": "auth.permission",
    "pk": 64,
    "fields": {
      "name": "Can view Пользователь",
      "content_type": 16,
      "codename": "view_user"
    }
  },
  {
    "model": "auth.permission",
    "pk": 65,
    "fields": {
      "name": "Can add Контакты пользователя",
      "content_type": 17,
      "codename": "add_contact"
    }
  },
  {
    "model": "auth.permission",
    "pk": 66,
    "fields": {
      "name": "Can change Контакты пользователя",
      "content_type": 17,
      "codename": "change_contact"
    }
  },
  {
    "model": "auth.permission",
    "pk": 67,
    "fields": {
      "name": "Can delete Контакты пользователя",
      "content_type": 17,
      "codename": "delete_contact"
    }
  },
  {
    "model": "auth.permission",
    "pk": 68,
    "fields": {
      "name": "Can view Контакты пользователя",
      "content_type": 17,
      "codename": "view_contact"
    }
  },
  {
    "model": "auth.permission",
    "pk": 69,
    "fields": {
      "name": "Can add Токен подтверждения Email",
      "content_type": 18,
      "codename": "add_confirmemailtoken"
    }
  },
  {
    "model": "auth.permission",
    "pk": 70,
    "fields": {
      "name": "Can change Токен подтверждения Email",
      "content_type": 18,
      "codename": "change_confirmemailtoken"
    }
  },
  {
    "model": "auth.permission",
    "pk": 71,
    "fields": {
      "name": "Can delete Токен подтверждения Email",
      "content_type": 18,
      "codename": "delete_confirmemailtoken"
    }
  },
  {
    "model": "auth.permission",
    "pk": 72,
    "fields": {
      "name": "Can view Токен подтверждения Email",
      "content_type": 18,
      "codename": "view_confirmemailtoken"
    }
  },
  {
    "model": "contenttypes.contenttype",
    "pk": 1,
    "fields": {
      "app_label": "admin",
      "model": "logentry"
    }
  },
  {
    "model": "contenttypes.contenttype",
    "pk": 2,
    "fields": {
      "app_label": "auth",
      "model": "permission"
    }
  },
  {
    "model": "contenttypes.contenttype",
    "pk": 3,
    "fields": {
      "app_label": "auth",
      "model": "group"
    }
  },
  {
    "model": "contenttypes.contenttype",
    "pk": 4,
    "fields": {
      "app_label": "contenttypes",
      "model": "contenttype"
    }
  },
  {
    "model": "contenttypes.contenttype",
    "pk": 5,
    "fields": {
      "app_label": "sessions",
      "model": "session"
    }
  },
  {
    "model": "contenttypes.contenttype",
    "pk": 6,
    "fields": {
      "app_label": "authtoken",
      "model": "token"
    }
  },
  {
    "model": "contenttypes.contenttype",
    "pk": 7,
    "fields": {
      "app_label": "authtoken",
      "model": "tokenproxy"
    }
  },
  {
    "model": "contenttypes.contenttype",
    "pk": 8,
    "fields": {
      "app_label": "shop",
      "model": "category"
    }
  },
  {
    "model": "contenttypes.contenttype",
    "pk": 9,
    "fields": {
      "app_label": "shop",
      "model": "order"
    }
  },
  {
    "model": "contenttypes.contenttype",
    "pk": 10,
    "fields": {
      "app_label": "shop",
      "model": "parameter"
    }
  },
  {
    "model": "contenttypes.contenttype",
    "pk": 11,
    "fields": {
      "app_label": "shop",
      "model": "product"
    }
  },
  {
    "model": "contenttypes.contenttype",
    "pk": 12,
    "fields": {
      "app_label": "shop",
      "model": "productinfo"
    }
  },
  {
    "model": "contenttypes.contenttype",
    "pk": 13,
    "fields": {
      "app_label": "shop",
      "model": "shop"
    }
  },
  {
    "model": "contenttypes.contenttype",
    "pk": 14,
    "fields": {
      "app_label": "shop",
      "model": "productparameter"
    }
  },
  {
    "model": "contenttypes.contenttype",
    "pk": 15,
    "fields": {
      "app_label": "shop",
      "model": "orderitem"
    }
  },
  {
    "model": "contenttypes.contenttype",
    "pk": 16,
    "fields": {
      "app_label": "shop_user",
      "model": "user"
    }
  },
  {
    "model": "contenttypes.contenttype",
    "pk": 17,
    "fields": {
      "app_label": "shop_user",
      "model": "contact"
    }
  },
  {
    "model": "contenttypes.contenttype",
    "pk": 18,
    "fields": {
      "app_label": "shop_user",
      "model": "confirmemailtoken"
    }
  },
  {
    "model": "authtoken.token",
    "pk": "016bba2ce9ec60d697c261eb73f6de2a5fddabf6",
    "fields": {
      "user": 1,
      "created": "2020-11-29T16:27:15.424Z"
    }
  },
  {
    "model": "authtoken.token",
    "pk": "c0a78fd20b480675453809e6341ea38c94126432",
    "fields": {
      "user": 13,
      "created": "2020-11-29T12:56:32.538Z"
    }
  },
  {
    "model": "shop.shop",
    "pk": 1,
    "fields": {
      "name": "Связной",
      "url": null,
      "user": 13,
      "state": true
    }
  },
  {
    "model": "shop.category",
    "pk": 1,
    "fields": {
      "name": "Flash-накопители",
      "shops": [
        1
      ]
    }
  },
  {
    "model": "shop.category",
    "pk": 15,
    "fields": {
      "name": "Аксессуары",
      "shops": [
        1
      ]
    }
  },
  {
    "model": "shop.category",
    "pk": 224,
    "fields": {
      "name": "Смартфоны",
      "shops": [
        1
      ]
    }
  },
  {
    "model": "shop.product",
    "pk": 1,
    "fields": {
      "name": "Смартфон Apple iPhone XS Max 512GB (золотистый)",
      "category": 224
    }
  },
  {
    "model": "shop.product",
    "pk": 2,
    "fields": {
      "name": "Смартфон Apple iPhone XR 256GB (красный)",
      "category": 224
    }
  },
  {
    "model": "shop.product",
    "pk": 3,
    "fields": {
      "name": "Смартфон Apple iPhone XR 256GB (черный)",
      "category": 224
    }
  },
  {
    "model": "shop.product",
    "pk": 4,
    "fields": {
      "name": "Смартфон Apple iPhone XR 128GB (синий)",
      "category": 224
    }
  },
  {
    "model": "shop.productinfo",
    "pk": 1,
    "fields": {
      "model": "apple/iphone/xs-max",
      "external_id": 4216292,
      "product": 1,
      "shop": 1,
      "quantity": 14,
      "price": 110000,
      "price_rrc": 116990
    }
  },
  {
    "model": "shop.productinfo",
    "pk": 2,
    "fields": {
      "model": "apple/iphone/xr",
      "external_id": 4216313,
      "product": 2,
      "shop": 1,
      "quantity": 9,
      "price": 65000,
      "price_rrc": 69990
    }
  },
  {
    "model": "shop.productinfo",
    "pk": 3,
    "fields": {
      "model": "apple/iphone/xr",
      "external_id": 4216226,
      "product": 3,
      "shop": 1,
      "quantity": 5,
      "price": 65000,
      "price_rrc": 69990
    }
  },
  {
    "model": "shop.productinfo",
    "pk": 4,
    "fields": {
      "model": "apple/iphone/xr",
      "external_id": 4672670,
      "product": 4,
      "shop": 1,
      "quantity": 7,
      "price": 60000,
      "price_rrc": 64990
    }
  },
  {
    "model": "shop.parameter",
    "pk": 1,
    "fields": {
      "name": "Диагональ (дюйм)"
    }
  },
  {
    "model": "shop.parameter",
    "pk": 2,
    "fields": {
      "name": "Разрешение (пикс)"
    }
  },
  {
    "model": "shop.parameter",
    "pk": 3,
    "fields": {
      "name": "Встроенная память (Гб)"
    }
  },
  {
    "model": "shop.parameter",
    "pk": 4,
    "fields": {
      "name": "Цвет"
    }
  },
  {
    "model": "shop.productparameter",
    "pk": 1,
    "fields": {
      "product_info": 1,
      "parameter": 1,
      "value": "6.5"
    }
  },
  {
    "model": "shop.productparameter",
    "pk": 2,
    "fields": {
      "product_info": 1,
      "parameter": 2,
      "value": "2688x1242"
    }
  },
  {
    "model": "shop.productparameter",
    "pk": 3,
    "fields": {
      "product_info": 1,
      "parameter": 3,
      "value": "512"
    }
  },
  {
    "model": "shop.productparameter",
    "pk": 4,
    "fields": {
      "product_info": 1,
      "parameter": 4,
      "value": "золотистый"
    }
  },
  {
    "model": "shop.productparameter",
    "pk": 5,
    "fields": {
      "product_info": 2,
      "parameter": 1,
      "value": "6.1"
    }
  },
  {
    "model": "shop.productparameter",
    "pk": 6,
    "fields": {
      "product_info": 2,
      "parameter": 2,
      "value": "1792x828"
    }
  },
  {
    "model": "shop.productparameter",
    "pk": 7,
    "fields": {
      "product_info": 2,
      "parameter": 3,
      "value": "256"
    }
  },
  {
    "model": "shop.productparameter",
    "pk": 8,
    "fields": {
      "product_info": 2,
      "parameter": 4,
      "value": "красный"
    }
  },
  {
    "model": "shop.productparameter",
    "pk": 9,
    "fields": {
      "product_info": 3,
      "parameter": 1,
      "value": "6.1"
    }
  },
  {
    "model": "shop.productparameter",
    "pk": 10,
    "fields": {
      "product_info": 3,
      "parameter": 2,
      "value": "1792x828"
    }
  },
  {
    "model": "shop.productparameter",
    "pk": 11,
    "fields": {
      "product_info": 3,
      "parameter": 3,
      "value": "256"
    }
  },
  {
    "model": "shop.productparameter",
    "pk": 12,
    "fields": {
      "product_info": 3,
      "parameter": 4,
      "value": "черный"
    }
  },
  {
    "model": "shop.productparameter",
    "pk": 13,
    "fields": {
      "product_info": 4,
      "parameter": 1,
      "value": "6.1"
    }
  },
  {
    "model": "shop.productparameter",
    "pk": 14,
    "fields": {
      "product_info": 4,
      "parameter": 2,
      "value": "1792x828"
    }
  },
  {
    "model": "shop.productparameter",
    "pk": 15,
    "fields": {
      "product_info": 4,
      "parameter": 3,
      "value": "256"
    }
  },
  {
    "model": "shop.productparameter",
    "pk": 16,
    "fields": {
      "product_info": 4,
      "parameter": 4,
      "value": "синий"
    }
  },
  {
    "model": "shop.order",
    "pk": 4,
    "fields": {
      "user": 1,
      "dt": "2020-11-30T19:27:30.936Z",
      "state": "new",
      "contact": 2
    }
  },
  {
    "model": "shop.order",
    "pk": 6,
    "fields": {
      "user": 1,
      "dt": "2020-12-01T20:36:48.461Z",
      "state": "new",
      "contact": 2
    }
  },
  {
    "model": "shop.order",
    "pk": 7,
    "fields": {
      "user": 1,
      "dt": "2020-12-01T20:49:45.946Z",
      "state": "basket",
      "contact": null
    }
  },
  {
    "model": "shop.orderitem",
    "pk": 12,
    "fields": {
      "order": 4,
      "product_info": 3,
      "quantity": 5
    }
  },
  {
    "model": "shop.orderitem",
    "pk": 15,
    "fields": {
      "order": 4,
      "product_info": 2,
      "quantity": 7
    }
  },
  {
    "model": "shop.orderitem",
    "pk": 16,
    "fields": {
      "order": 6,
      "product_info": 2,
      "quantity": 7
    }
  },
  {
    "model": "shop.orderitem",
    "pk": 17,
    "fields": {
      "order": 7,
      "product_info": 2,
      "quantity": 7
    }
  },
  {
    "model": "shop_user.user",
    "pk": 1,
    "fields": {
      "password": "pbkdf2_sha256$216000$nhZ5cxxL7L3s$oPC4ipOsvEQAX5dHpvzcGbQaHiYEjbcdQ2luNGMeZgw=",
      "last_login": null,
      "is_superuser": false,
      "first_name": "lab",
      "last_name": "i",
      "is_staff": false,
      "date_joined": "2020-11-29T08:37:40.623Z",
      "email": "Dima@mail.com",
      "company": "mi",
      "position": "non",
      "is_active": true,
      "type": "buyer",
      "groups": [

      ],
      "user_permissions": [

      ]
    }
  },
  {
    "model": "shop_user.user",
    "pk": 2,
    "fields": {
      "password": "",
      "last_login": null,
      "is_superuser": false,
      "first_name": "lab",
      "last_name": "i",
      "is_staff": false,
      "date_joined": "2020-11-29T09:40:40.723Z",
      "email": "Dima1@mail.com",
      "company": "mi",
      "position": "non",
      "is_active": false,
      "type": "buyer",
      "groups": [

      ],
      "user_permissions": [

      ]
    }
  },
  {
    "model": "shop_user.user",
    "pk": 13,
    "fields": {
      "password": "pbkdf2_sha256$216000$lS4GAkNXkk1X$Vx+wT0Jw1ohAT/DaXOq2OYCqIB5jq+EhjW4Zu7HUkhk=",
      "last_login": null,
      "is_superuser": false,
      "first_name": "lab",
      "last_name": "i",
      "is_staff": false,
      "date_joined": "2020-11-29T12:55:20.329Z",
      "email": "Shop1@mail.com",
      "company": "mi",
      "position": "non",
      "is_active": true,
      "type": "shop",
      "groups": [

      ],
      "user_permissions": [

      ]
    }
  },
  {
    "model": "shop_user.contact",
    "pk": 2,
    "fields": {
      "user": 1,
      "city": "Moscow",
      "street": "Petrovka",
      "house": "",
      "structure": "",
      "building": "",
      "apartment": "",
      "phone": "+7000001"
    }
  },
  {
    "model": "shop_user.contact",
    "pk": 4,
    "fields": {
      "user": 1,
      "city": "Moscow",
      "street": "Petrovka",
      "house": "",
      "structure": "",
      "building": "",
      "apartment": "",
      "phone": "+7000002"
    }
  },
  {
    "model": "shop_user.contact",
    "pk": 7,
    "fields": {
      "user": 13,
      "city": "Moscow",
      "street": "Solyanka12",
      "house": "",
      "structure": "",
      "building": "",
      "apartment": "",
      "phone": "+7000002"
    }
  }
]